node0;node1;ref;name;distance
253390851;2281462072;BR-116;Pista Marginal;7029.665128172836
253390851;4951315298;CE-025;Avenida Manoel Mavignier;8569.203626645907
253390851;2504480932;BR-116;Pista Marginal;5308.04020535
253390851;253406570;BR-116;Rodovia Santos Dumont;6530.35740862
253390851;2527380021;BR-116;Rodovia Santos Dumont;12639.1524438
4042766342;2386620667;CE-240;Rodovia José Euclides Ferreira Gomes Junior;8369.91866023
1701738839;1542805331;CE-232;;8822.13515179
1701738839;4472035011;CE-179;;10128.9463951
1701738839;1563447039;CE-179;;10875.668347
4228147214;621999832;CE-040;Avenida Washington Soares;1589.41933905
4228147215;1781280672;CE-522;Avenida Washington Soares;1514.99560987
4755871761;1942619072;CE-265;Rua Major Ventura;1963.496798328248
4755871761;4755871937;CE-265;Avenida Raul Barbosa;1090.3365778489217
4755871761;1945044347;CE-265;Rua Francisco Santiago da Silva;37520.3109063
4755871761;1942619031;CE-265;Rua Major Ventura;301.702718458
2442323986;3797251715;BR-403;CE-187;CE-257;;16014.8562572
2442323986;4133569773;CE-257;;34698.0692915
2442323986;351971094;BR-403;CE-187;;7834.88476578
3793516567;1645637349;BR-226;;45824.9422124
3793516567;5261011887;BR-226;Avenida Sete de Setembro;1303.67133516
4942706713;3303362655;CE-282;;10748.9582948
4942706713;1633016939;CE-153;Avenida Brasil;9595.529929993014
4942706713;2249121383;CE-153;;18747.5707646
4399517724;4009715984;CE-138;CE 138;17440.7157268
3444746273;4700318099;BR-404;CE-189;;33250.3206119
3444746273;1645636828;BR-404;CE-189;;2038.98650668
3083915303;3008577348;CE-350;;3603.29865277
3083915303;1656132612;BR-116;CE-350;;15143.3908701
3083915303;1650365702;CE-350;Avenida Coronel Virgílio Távora;1875.19849592
5522540592;1560731330;CE-166;;49524.822976619726
5522540592;2335007498;BR-230;;42008.6265467
5522540592;1697636876;CE-166;;7056.54865716
5522540592;4124931281;CE-489;;22139.15434610713
5522540592;1696388562;BR-230;CE-489;;2080.37342167
5522540592;1430325337;CE-386;;41963.9864074
5979203633;2516440280;CE-151;;15180.609266229802
5979203633;2873932595;CE-151;;9215.87996729
4456953911;1521255641;CE-187;Rodovia da Confiança;16315.3730374
4456953911;1519949796;CE-187;Rua Deputado Álvaro Soares;9032.89546304
4250898100;4436994928;CE-085;;12363.4492755
4250898100;3688606534;CE-313;;17656.7442506
4250898100;3865641510;CE-085;;24045.7278937
1438427197;4465628705;BR-402;CE-085;;22390.3406774
1438427197;5122785058;BR-402;CE-085;Avenida Maria Diamantina Veras;34457.0376691
1438427197;1449151665;CE-362;Avenida Antônio Zeferino Veras;3616.04681636
1511991358;1509216202;BR-403;Avenida José Giffone da Silveira;540.330393409
1511991358;5292639965;BR-403;Avenida José Giffone da Silveira;2098.72744382
2401878084;263985708;BR-222;;5229.11943224
2401878084;3841651893;BR-222;;37388.9817018
2109784133;3787923194;CE-065;;2591.82930803
1523978318;351938464;CE-162;;9925.64235942
3837249620;1944969322;CE-456;;43392.2880778
3837249620;252644826;CE-456;;13912.8264105
1430325337;4120405306;CE-386;;1057.28732753
4942772314;3036553692;CE-282;;29175.0007672
768763996;3789587805;CE-292;;39681.1199737
1514823773;1091928314;CE-163;Rua Padre José Romualdo;1257.4241029450218
1514823773;1529560613;CE-163;;6146.93981049
3303362655;3303362288;CE-282;;1375.8680199072917
3303362655;3036553692;CE-282;;2378.6828584761406
3303362655;3036552847;CE-282;Avenida do Cruzeiro;1660.57090536
252738576;3129834576;CE-060;Rodovia do Algodão;2270.28721657
252738576;3130195956;CE-356;;34282.4552689
252738576;252738708;CE-356;;9639.88542115
252738576;263910725;CE-060;Rodovia do Algodão;11955.8111966
4942626916;1633016459;CE-282;;16574.8090577
4942626916;1802252877;CE-482;;6124.63954183
4942626916;4753562551;CE-282;;17122.626580392003
595251302;4464024160;CE-085;Via Estruturante;14347.9451854
595251302;265206721;CE-090;;7180.55674788
595251302;5630724551;CE-085;;4368.76824778
595251302;2891611658;CE-085;Via Estruturante;2220.92987658
595251302;3835132749;CE-401;Avenida Senador Carlos Jereissati;9694.69944669293
595251302;3835132750;CE-065;Avenida General Osório de Paiva;9678.42915757609
595251302;1714904945;CE-090;Rua 15 de Novembro;3179.68385634
595251302;263973497;CE-090;CE-085;Estrada José Aragão Albuquerque;1501.20666203
1704817341;1781280672;CE-040;Avenida Washington Soares;5177.01359163
1704817341;621999832;CE-040;Avenida Washington Soares;5358.25879611
1704817341;4951315298;CE-025;Avenida Manoel Mavignier;6561.69116214
351973490;850730861;CE-138;;15956.3974814
4119418996;5916346160;CE-354;;11172.8989189
4119418996;1663388788;CE-354;;16353.1117624
2752346241;2079946371;CE-065;;5601.36410659
2752346241;3834177885;CE-215;Estrada Palmácia - Gado dos Ferros;2857.95347582
2752346241;2752354134;CE-065;;17473.2954561
3917170819;263910729;CE-060;Rodovia do Algodão;11320.4614565
3917170819;252644826;CE-060;Rodovia do Algodão;42717.928862802604
1705021572;723203924;CE-251;;1567.20335591
1705021572;5194722149;CE-451;CE-251;Avenida Padre José Holanda do Vale;1965.50998881
4911120522;2679275856;CE-269;;10664.3470798
5055846544;1804332933;CE-371;;14352.8562141
351938705;1542566033;CE-362;Avenida Capitão Brito;17433.909307
3225950364;2527380021;BR-116;Rodovia Santos Dumont;19038.0122266
3416275106;4763393848;CE-253;Rua Dona Lindóia;20634.5565241
3416275106;4457240442;CE-321;Rua Serafim de Aquino;10981.6596767
3416275106;1519949796;CE-253;Rua Dona Lindóia;20340.8902138
3416275106;4452670461;CE-253;CE-321;Rua Construtor Gonçalo Vidal;11595.262851
2504480932;2281462072;CE-401;Avenida Alberto Craveiro;1564.779315172513
2504480932;3835132749;CE-401;Avenida Alberto Craveiro;8768.809898076583
2504480932;3835132750;CE-065;Avenida General Osório de Paiva;8774.600077572384
1647939752;4115436236;CE-454;Avenida Vale Albino;11208.2303719
1647939752;3687396843;CE-138;Rua Pedro Moita;3484.8119464
1647939752;3687394508;CE-138;Rua Pedro Moita;12311.1507346
6123114675;1701394289;CE-153;;5352.570878199157
6123114675;1633016939;CE-153;;18862.1668167
6123114675;1701616702;CE-284;;25990.4671422
1523228861;2484469633;CE-085;Rota do Sol Poente;8572.031870425628
1523228861;3168611116;CE-085;Rota do Sol Poente;22853.6581641
1523228861;3168611280;CE-085;Rota do Sol Poente;8224.80692458188
1523228861;3841651893;CE-085;Rota do Sol Poente;10007.216878160947
1523228861;3168564535;CE-085;Rota do Sol Poente;15795.3545774
1523228861;351937017;CE-085;Rota do Sol Poente;5366.412270173446
1523228861;3168564507;CE-085;Rota do Sol Poente;15867.7879962
3834128757;2752354134;CE-253;Estrada Redenção - Pacoti (via Serrinha);32333.1733865
4755871937;4409748811;CE-265;;30133.0202799
4755871937;1942619031;CE-265;Avenida Raul Barbosa;827.4673506449383
1701738691;1562654285;BR-403;CE-178;;18421.2941049
1701738691;1563452198;BR-403;CE-178;;28361.2204282
1701738691;1563447039;CE-232;Rua João Arcanjo de Maria;3173.52992176
4224276680;1647744657;CE-179;;13653.8366797
4224276680;5171484021;CE-354;;32139.078463639813
4224276680;2297759694;CE-354;;3874.73140922
4224276680;1563447039;CE-179;;26304.1074205
4941097163;4924949232;CE-060;Rodovia do Algodão;6969.112883288026
4941097163;252616818;CE-060;Rodovia do Algodão;24963.4575294
4941097163;4122538098;CE-060;;3555.3025571002354
4941097163;1942313391;CE-060;Rodovia do Algodão;6057.550725007318
2125877460;1438786714;BR-122;Rua Almirante Alexandrino;13808.53382211862
2125877460;4459738662;CE-386;;13416.52532651454
2125877460;1534161663;CE-060;Avenida Leão Sampaio;12233.0824606
3558197461;351972029;CE-371;;6470.09566497
3699210454;353023651;BR-122;;25608.323565
3130196186;3901403448;CE-138;;21754.3001302
3130196186;3130195956;CE-356;;29456.0229542
3130196186;1710029821;CE-138;;42466.71436282712
6022238434;2194837466;BR-402;Avenida Anastácio Braga;1381.46598243
3688667364;4437889492;CE-187;;29415.3673911
1523228901;3841651893;CE-156;;10655.4348212
1502084241;4183878872;CE-346;;21691.479821
1502084241;4963103017;CE-168;;32430.1804993
1502084241;2194837466;CE-168;;22178.488225
3835132750;1194329072;CE-065;Avenida General Osório de Paiva;5308.98620998
3835132750;2069267740;CE-401;Avenida Senador Carlos Jereissati;5269.123448003262
3835132750;3835132749;CE-401;Avenida Senador Carlos Jereissati;10770.79421270984
4257849726;352697796;BR-116;Rodovia Santos Dumont;19937.077484
4257849726;3442735601;CE-393;;11599.712176885881
4257849726;3780861068;CE-293;;17595.6718779
4257849726;3789398809;CE-393;Avenida Prefeito Gilvan Morais;8081.64569716
1091928314;1516574339;CE-163;;11031.1916823
1091928314;1516574006;CE-163;Rua Padre Irineu Lima Verde;8163.769493331817
2386620667;351934880;CE-240;Rodovia José Euclides Ferreira Gomes Junior;15982.1161272
2386620667;2441364419;CE-440;;8295.35299903
4752126206;1704410595;CE-152;;14297.2509991
4134766846;4452670936;CE-253;;939.58825136
4134766846;4818865514;CE-253;;13585.1645653
4134766846;4763320254;BR-403;;28931.5215467
3796349185;5787217129;CE-257;;42434.1260181
3796349185;4235543941;CE-176;Avenida Melquíades Mourão;18787.1339798
3796349185;1643093063;CE-176;CE-257;Avenida Coronel Manoel Alves;1746.48614611
6045149443;2463467322;CE-292;Avenida Virgílio Távora;17120.690276748788
2348245252;352725491;CE-363;Rua Coronel José Aderaldo;87522.44565990778
4381120773;3789587805;CE-166;Rua Joaquim Távora;11476.6023945
4381120773;4124931206;CE-166;Rua Joaquim Távora;1780.22931288
351934727;3799861928;CE-444;;7500.42121534
3016497416;4458200665;CE-187;Rua São Pedro;11252.4516909
3016497416;5288795542;CE-187;Avenida Fortaleza;28452.31733386316
4942582027;4942574048;CE-166;;24173.3357928
4942582027;4942582029;CE-166;;2790.95839608389
4942582027;4753724862;CE-166;;5772.727851879315
4942582029;4120500808;CE-166;;9498.790152963968
4942582029;4120501070;CE-166;;1892.72183511
4009715984;2187680192;CE-138;;7733.486375244349
4009715984;4129578673;CE-138;;1271.699265657651
4009715984;4009758987;CE-205;Rua Joaquin Rogério Cabó;352.9181600677141
1701767443;2875101152;BR-230;;18375.3387653
2338111764;3849390885;CE-275;;19954.0208415
2014773526;4753743081;BR-226;;1058.33079017
2014773526;3103510362;CE-168;;39933.0345704
2014773526;5261011887;BR-226;;71291.0270901
4644137250;3254114157;BR-304;;74969.273994
2493585700;4870444804;CE-377;Avenida do Contorno;6929.652984152899
2493585700;4870507622;BR-116;Rodovia Santos Dumont;4188.73827153884
2493585700;3428899762;CE-265;;2645.55641609
2493585700;3428899764;CE-265;;5519.333246767141
2493585700;4870515958;BR-116;Rodovia Santos Dumont;5339.016629704617
2493585700;4870444859;CE-377;Avenida do Contorno;3630.4844831880914
2493585700;4870444830;BR-116;Rodovia Santos Dumont;4471.961959568636
4755736873;2524521110;CE-333;;26865.5789673
4139757866;4437889492;BR-402;CE-085;Rua Monsenhor José Carneiro;11828.1616799
4139757866;4352203253;BR-402;CE-085;Rua Edmundo Pinto;26956.4894276
6208813366;5261011887;CE-176;;81888.9872618
5214525754;2194805920;CE-243;;9800.163418367563
5214525754;2518695050;BR-402;;7030.64829514
5214525754;2194837466;BR-402;;22422.365138407553
4441234143;3799818225;CE-187;CE-311;Avenida Major Felizardo de Pinho Pessoa;3950.88107815
4441234143;1542536531;CE-311;;54689.7376302
4441234143;4454227046;CE-187;;5561.46894695
2476925256;351970594;CE-298;;2065.67769935
2476925256;4459740326;CE-298;;19774.71947824781
4449229130;4452670936;CE-183;;24800.1484382
4449229130;4444948422;BR-222;BR-403;;17866.6721845
4449229130;4267061247;BR-222;;1950.0096711
1805362231;5787217129;CE-362;;45200.4335311
4166742348;1497861985;CE-362;;10434.6392049
4119419215;5916346160;CE-354;Rua Henrique Bessa;2925.84462399
4119419215;2079338042;CE-060;Rua Chico Vieira;3371.84506979
4119419215;5916346180;CE-060;Rua Eladio Macedo;1810.26246811
2938351953;3005932046;CE-371;;2772.81381014
3914647893;2515581242;CE-065;;13186.6265492
3914647893;1693152571;CE-065;;4830.17191414
3914647893;3914647475;CE-155;;17619.7943197
3257635159;4423984209;CE-123;;17582.9487159
3257635159;352715197;BR-437;;29464.728756
3257635159;3280325767;CE-054;;7855.93768456
2330870105;3235095419;CE-176;;33074.0746835
2330870105;2339375971;CE-176;;42120.5366838
308638049;308311304;CE-284;;23516.9098774
4932419946;4235539993;CE-253;;3875.09123185
4932419946;4235543941;CE-362;;46080.0962476
4932419946;4133756855;CE-362;;6995.00234345
2515581295;2515581242;CE-155;;3373.69639655
2515581295;5802105637;CE-451;;16689.0607324
2515581295;2515581326;CE-451;;2916.11680253
4932645232;1523982859;CE-162;;20885.4138098
4453503346;4453481339;CE-240;Rua Monsenhor Carneiro;5371.64471782
1701395518;1705940772;BR-230;Avenida Neném Marinheiro;41324.4817874
1701395518;1701617350;BR-230;;20541.2706962
252735863;4463910136;CE-464;Rua Padre Severino;1080.28219976
252735863;5916346149;CE-060;Rodovia do Algodão;6106.27639018
252735863;6024890837;CE-060;Rodovia do Algodão;2341.44353246
4236353912;5058779929;CE-192;Rua Joaquim Souza Lima;12728.163185885065
252615033;2633344818;CE-060;Rodovia Presidente Costa e Silva;2197.9718198440855
252615033;353023651;BR-122;Estrada do Algodão;5898.09198225
252615033;252616818;BR-122;CE-060;;9659.64923726
252615033;3916347806;CE-060;Avenida Plácido Castelo;4044.4650826
5882442106;2399744816;CE-168;Rodovia Franscisco Silva Mota;29735.735364
1952430462;1645637140;CE-469;;28218.4999693
2305890692;4457240442;CE-321;;9855.20945327
2305890692;4214454258;CE-321;;6839.80293708
4700318099;1645637349;BR-404;CE-187;Avenida Benony Mourão Filho;1947.91761585
4700318099;351969991;BR-403;CE-187;;33676.2035154
2441453973;3799861928;CE-364;;1033.26032988
2441453973;351938986;CE-364;;8710.0461945
351973786;2102130217;BR-116;Rodovia Santos Dumont;96809.4323383
351973786;4614538251;BR-116;Rodovia Santos Dumont;45550.66310000565
351973786;3846453725;CE-138;;6438.83425575
1751689967;352702361;CE-222;Avenida Possidônio Barreto;21791.503172420227
1751689967;3686408675;CE-123;;16479.687057024894
1751689967;1739134411;CE-123;;26980.31345939485
3916347806;2633344818;CE-060;Avenida Plácido Castelo;3718.1734917544336
3916347806;1868903731;CE-265;Rua Basilio Emiliano Pinto;4401.09435166
3916347806;252644826;CE-060;Rodovia do Algodão;13426.0165509
3916347806;4755908015;CE-265;Rua José de Queiroz Pessoa;21019.1520311
351934880;351938986;CE-232;;39666.5992354
351934880;1542805270;CE-240;;1388.58663366
1631835888;4340411528;CE-375;;30694.2722444
1631835888;1633016459;CE-375;;2481.1969888774925
1631835888;352697739;CE-375;;6129.341369224723
4942573992;353023706;CE-060;Rodovia do Algodão;22541.5551248
4942573992;352725491;CE-060;Rodovia do Algodão;4400.22299398
4942573992;4120554294;CE-363;;32802.9000638
2441453993;3799861928;CE-364;;2691.65605275
2441453993;2441454475;CE-364;;24104.0326662
2441453993;4437158790;CE-241;;15196.3525642
351938986;4431967212;CE-364;;1245.14302986
351938986;4440643484;CE-232;;19532.381559
1663388402;1656133107;BR-116;;3811.73975198
1663388402;1656132612;BR-116;;9368.7077467
1663388402;5916346173;CE-253;Acarape - Horizonte;25780.0400248
1942313391;2816685346;CE-266;;25685.7391277
1942313391;3140688517;CE-166;;61851.2695774
1942313391;4924949232;CE-060;;3025.0778916258087
1942313391;4122538098;CE-060;;2690.388437612469
1942313391;3005932436;CE-060;Rodovia do Algodão;50052.8163542
2493585847;2493585904;CE-358;;18623.3194814
2493585847;2476093030;CE-358;;2953.08014878
2493585847;3280325767;CE-266;;18275.185110499864
2187680192;2187680344;CE-269;;28239.9422002
2187680192;4009748148;CE-205;Rua Joaquin Rogério Cabó;7299.355846097539
2187680192;4129578673;CE-138;;6510.310642939573
4437889492;5122785058;BR-402;CE-085;;1243.28264849
6024890837;3129834576;CE-060;Avenida Tiradentes;7825.27567306
6024890837;5445980828;CE-464;;35691.8475019
351936984;4933485583;BR-402;;2880.74010148
3036553692;3303362288;CE-282;Avenida Monsenhor Frota;1396.1076120422172
4942574048;4122379986;CE-166;;1562.9804377127696
4942574048;4120554294;CE-363;;2093.5473990505375
2824702434;351974176;BR-116;Rodovia Santos Dumont;18910.5915469
3686408675;1739134100;BR-304;;45953.729199
3686408675;3254114157;BR-304;Rota do Sol Nascente;4237.24469443
3686408675;5323013950;CE-040;Rodovia Deputado Federal Jackson Pereira;58456.2561502
3686408675;5286606199;CE-040;Rodovia Deputado Federal Jackson Pereira;13983.5521327
3442735601;4307559270;CE-393;;1274.696552
352725491;1804329711;CE-060;Rodovia do Algodão;46251.6588516
2390508022;1701394289;CE-284;Rodovia Celso Alves de Araújo e Silva;1890.3229185760674
2390508022;351973241;CE-284;;30703.7066957
351971831;2725566425;CE-549;;5854.22562537
351971831;4331287139;CE-261;;8434.01783289
351971831;1091648135;CE-261;Avenida Enoque Carneiro;15808.633081294398
2330870264;3235095419;CE-284;;22038.9609121
351937017;2484469744;CE-156;;6583.429813877861
351937017;2484469633;CE-156;;5728.897919232132
351937017;1523228601;CE-156;;8040.37970957792
3996248571;3799853585;CE-240;;29762.8479428
3996248571;4440643484;CE-313;;22153.302532
3996248571;4440944253;CE-313;;4449.64363366
5676769791;3603168401;CE-390;Rua Expedito Almeida;11907.7429136
5043556869;1523982859;CE-426;;9023.92422495
1523982859;1895675816;CE-117;;3058.15593692
1697636876;4263076737;CE-166;;19231.1376517
1697636876;1697636821;CE-166;;3626.1332651
2966444557;2880408725;CE-179;Avenida Pimentel Gomes;1918.61126662
3005932046;3005948962;BR-226;;43296.8976888
3005932046;4340545007;CE-371;;32194.6066534
4120500754;4120500808;CE-166;;8615.27325427
3895589398;1193696540;CE-350;Rua Dezesseis;19169.2320573
3895589398;2527380021;CE-251;Avenida Deputado Paulino Rocha;15090.5740642
3895589398;723203950;CE-060;CE-251;Rodovia Doutor Mendel Steinbruch;3439.7449605
3895589398;723203965;CE-060;CE-251;Rodovia Doutor Mendel Steinbruch;1686.8794289
1908905391;1908905393;BR-434;;11186.1853443
1430364703;1430367695;CE-288;;27810.16066777554
5043556897;3168611116;CE-341;;16895.8622256
4217080355;4217079324;CE-553;;9737.40912877
2305892901;4457240442;CE-445;;1109.64512291
3865641510;1437613246;CE-182;CE-182;12440.9327368
3865641510;4248482526;CE-085 Oeste;;19901.7728239
5906596393;263985754;BR-222;;5829.91389299
5906596393;263986677;BR-222;;9183.87543234
5906596393;263985791;BR-222;;9037.01854644
263985708;1516574339;CE-085;Rota do Sol Poente;34363.7440005
263985708;4124207789;BR-222;;7104.3719492
1801899586;6405406001;CE-166;;2282.59934183
2527380021;3008577348;BR-116;CE-251;Rodovia Estrada do Guarani;2958.59291291
2125875767;1534161663;CE-060;Avenida Leão Sampaio;1782.54077763
1942618686;4755774452;CE-265;;1970.2462640438096
1942618686;4755797980;CE-265;Rua Antônio Soares Mourão;12773.2953701
351937089;3008534107;CE-251;Avenida Eusébio de Queiroz;2170.13273148
351937089;2474699491;CE-040;Avenida Nova do Contorno;12726.4178132
351937089;582267335;CE-040;Avenida Nova do Contorno;6040.328981301945
2710153797;2338020904;CE-138;Avenida Maria Nilde de Queiroz Farias;29233.2910682
2710153797;2338021232;BR-226;;18490.6177392
2710153797;4417832687;BR-226;;9549.91985803027
4120500808;4753724862;CE-166;;8952.03334867893
4881056333;3129759536;CE-168;Rua Major Barreto;1999.47770984
4881056333;6403091316;BR-222;;26739.4176211
4881056333;263985798;BR-222;;29300.5718497
2518684241;5486878320;CE-385;;38603.50169092102
2518684241;1705908474;CE-060;;11699.4953064
2518684241;4969516747;CE-060;;8155.554407442397
2518684241;1691736126;CE-060;;6942.50958743
2441476691;3798483650;CE-192;;2157.5827427759555
2441476691;2441476427;CE-327;Rodovia Deputado Jose Maria Melo;33716.7295484
2441476691;5347811275;CE-192;;7412.554526702067
2441476691;2443949599;CE-192;Rodovia Maria Natália Sales Rocha;36997.9444224
4942480574;2339375971;BR-020;Rua Solón Medeiros;73095.9865845
265204310;265206721;CE-090;;3759.43176584
265204310;4851913524;CE-090;;13356.0384255
265204310;263973493;CE-090;Avenida Central;12463.7029961
4226112087;4226112089;CE-371;Avenida Filomena Alves Vieira;321.616332705
4226112087;2330940535;CE-371;;37748.97195259103
4226112089;2330940535;CE-371;;37760.89975599718
4226112089;5910238989;CE-371;;34695.341766026264
263985754;3841651893;BR-222;;5240.87028032
263985754;1523228601;CE-422;;20604.5490284
1781280672;1781280642;CE-040;Avenida Washington Soares;1619.11725565
2752871007;2752875333;CE-356;;7679.3254105
2752871007;2752354134;CE-253;Rodovia Doutor Sílvio Leal;5059.0099129
2752871007;2961395551;CE-253;Rodovia Doutor Sílvio Leal;24606.6574776
4464024160;2891611658;CE-085;Via Estruturante;12183.9095806
4464024160;4851913524;CE-085;Rota do Sol Poente;2321.89549608
4464024160;3168564535;CE-085;Rota do Sol Poente;8791.69132101
4076929637;4459740326;CE-060;;13959.9129944
2752875133;2752874008;CE-356;Avenida Vicente Soares;432.579859492
2752875133;2752877297;CE-065;CE-356;;3931.46124543
4460593794;3793537754;BR-404;CE-187;;35095.4695448
4460593794;4715510683;CE-351;;8993.72706724
4460593794;3793317733;BR-404;CE-187;;55438.7306689
1633016939;351971082;BR-404;;27713.8432998
1542805270;2795366097;CE-362;Avenida Senador Ozires Pontes;1494.73088721
1542805270;2441459526;CE-362;;10802.731115
263985798;2401600528;CE-235;Avenida Doutor José de Borba;19111.4951201
263985798;4124207789;BR-222;BR-222 - trecho local;3254.64407132
252754567;1656132612;BR-116;;3035.37489737
252754567;252752719;BR-116;;6396.69051513
1633016459;351971082;BR-122;;6727.876087745634
1633016459;352697739;BR-122;;6195.118520573569
1633016459;1631835847;CE-375;BR-122;;7393.527560812176
2524521110;3798483650;CE-257;;48306.757188078445
2524521110;3797251719;CE-257;Rua Coronel José Bento;1992.56170124
2194783001;1523984273;CE-341;Rodovia Deputado Jackson Pereira;17980.8209825
2194783001;263341634;CE-354;;47458.1336332
2194783001;2399769401;CE-235;Rua Julião Pinto de Mesquita;30975.4049378
5445980828;4614538251;BR-122;Estrada do Algodão;6189.5433455280045
5445980828;3130195956;BR-122;Estrada do Algodão;3030.6357016
4887683746;351938464;CE-117;;8563.88520069
582267335;1077339078;CE-207;Avenida Treze de Setembro;1972.47184086
582267335;1077338935;CE-025;Avenida Caminho do Sol;6014.436990169805
252616818;2482444028;CE-368;;41250.45579790614
622049973;5322366454;CE-025;Avenida Caminho do Sol;4077.89080597
351972029;1293087899;CE-505;;3235.55012705
351972029;3254114157;CE-371;;6985.1882599864275
4986952821;1709171752;CE-362;Avenida Vinte e Três de Agosto;21458.9360695
4986952821;1542566033;CE-362;Avenida Capitão Brito;13560.8939174
4986952821;351937774;CE-354;;12229.6413986
3798483650;5347811275;CE-192;;5497.316556999633
2354588355;1520166560;CE-509;Rua João Baltazar;6097.14286257
2354588355;2353805165;CE-352;;5162.58969478
2354588355;5323013950;CE-497;;4958.00274579844
351969991;3443652360;BR-403;CE-187;Rua Doutor Osvaldo Martins;27063.8676743
351969991;4131809130;CE-266;Rua Francisco Martins de Holanda;27945.3093095
4115436236;4115517939;CE-454;Avenida Vale Albino;1936.9987362562867
4115436236;4166188646;CE-543;Rua Francisco Gomes Fárias;2828.76590462
2335007442;5394325840;CE-375;Rua Maria Luiza Leite Santos;28514.3488104
2335007443;2335007498;BR-230;Rua Sagrada Família;1542.90778051
3793537754;1645637287;BR-404;CE-187;;42129.3518593
4248482526;4227378434;CE-179;;7906.45518449
4248482526;4217079324;BR-402;BR-403;;58482.81657988138
4248482526;3879173423;CE-085;Rua Maria do Carmo;6313.63712326
1502083807;4610333663;CE-176;Av. General Alípio dos Santos;24676.9448633
4747248354;2516184658;CE-196;Avenida Variante;2384.54639099
2474699491;1072274194;CE-453;Rodovia Deputado Wilson Machado;9353.9372565
2474699491;5194492915;CE-040;Rota do Sol Nascente;14173.5719113
2474699491;1077339078;CE-040;Rota do Sol Nascente;9840.941367182062
4387300072;4436994928;CE-438;;23717.0661476
1804329711;1803441284;CE-060;Rua Padre Leopoldo Rolim;1360.31174921
1804329711;1804332933;CE-371;;21503.5917015
4924949232;4122379986;CE-166;;51880.2380645
4924949232;4122538098;CE-060;;3627.213117155603
2752877297;2752874008;CE-065;CE-356;;4016.75864433
2752877297;252738708;CE-356;;12205.0977337
2752877297;3837803647;CE-065;;8160.98629933
3992931058;4120405306;BR-122;;101679.15492463601
4904663805;4710370056;CE-266;;52267.9470092
4904663805;2222856115;CE-153;;42969.0721259
4904663805;2482444028;CE-266;;16735.9921409338
351933190;4989902402;BR-402;;18648.7912811
4710370056;3792266254;CE-371;;49919.4922065
4710370056;2206467293;CE-371;;24611.0100549
2335007498;2331466557;BR-230;;34980.7425431
5241262863;4755907496;CE-366;;28266.024829387377
5241262863;4762139692;CE-168;CE - 168;15036.4686465
5241262863;1643093063;CE-366;;78108.3241919
5910252305;4753562551;CE-166;;3090.06762785
3789398809;1704410178;BR-116;Rodovia Santos Dumont;5157.51229104
5486949149;1705940772;BR-122;;30818.2948836
351974176;3603168401;BR-116;Rodovia Santos Dumont;17667.0107566
5916346160;5916346145;CE-060;Estrada Algodão;2453.02656926
5916346160;5916346173;CE-060;Estrada Algodão;2460.81964336
5916346160;5916346149;CE-060;Estrada Algodão;3620.30921302
252752676;1656133107;BR-116;Rodovia Santos Dumont;10259.7273334
3849390885;2338104898;CE-375;BR-122;;1237.09886806
3849390885;3161954234;CE-375;BR-122;Avenida Perimetral;37571.0004656
1523981095;1895675816;CE-085;Rota do Sol Poente;5070.23335414
1523981095;1516574339;CE-085;Rota do Sol Poente;23809.7778138
1523981095;3688240061;CE-162;Rua Flávio Grangeiro;4391.700284297054
351972138;3225150417;CE-253;Av. Lúcio José de Menezes;22344.7783892
3168611116;1895675816;CE-085;Rota do Sol Poente;8760.56643796
2873932595;2875101152;BR-116;BR-230;Rodovia Santos Dumont;10301.55645188772
4851913524;3168564507;CE-085;Rota do Sol Poente;6381.80122363
4120554294;4122379986;CE-363;;1114.9430248523934
4120554294;4120554335;CE-363;;2570.04768151
1077338935;4951315298;CE-025;Avenida Manoel Mavignier;5388.4280610571
1077338935;1077339078;CE-025;Estrada do Japão;6676.87322563
1077338935;5322366454;CE-025;Avenida Caminho do Sol;4185.00704282
2399769401;2399769665;CE-235;;11601.186535332272
3948196667;3791040463;CE-351;;51684.2901986
2331466557;4458556308;BR-230;CE-371;;27543.5501982
2331466557;5288795542;BR-230;CE-371;;28708.1557213
4298881867;353023651;CE-265;;41496.2441305
4298881867;1710029821;CE-265;;31729.5071681
3835132749;1194329072;CE-065;Avenida General Osório de Paiva;5263.90256582
3835132749;2069267740;CE-401;Avenida Senador Carlos Jereissati;5265.622362036778
4120501070;4753724862;CE-166;;1475.3264407102681
252752719;1656133107;BR-116;;3934.41762558
252752719;3800161703;CE-253;Rua José Gama Filho;3017.07991375
3700489045;4393563184;BR-020;Rodovia Presidente Juscelino Kubitschek;2007.18735422
3700489045;4702871032;BR-020;Rodovia Presidente Juscelino Kubitschek;17983.7453183
3700489045;1402789003;CE-257;Avenida Perimetral;2650.02684193
4135920470;3964280444;CE-277;;37123.72177136206
4135920470;1804332933;CE-277;;33612.6630951
4120554335;3005932436;BR-226;;16096.4388348
4120554335;2330940535;BR-226;;21347.2324825
4951315298;5322366454;CE-025;Avenida Litorânea;1332.71952257
5088944995;1645636828;BR-404;;8566.21253423
5194722149;723203924;CE-451;CE-251;Avenida Padre José Holanda do Vale;3517.16804007
5194722149;3787923194;CE-065;;1726.70655789
3603168401;352697796;BR-116;Rodovia Santos Dumont;24124.3418286
2194805920;3129759536;CE-243;;14716.6703193
2194805920;2518695050;CE-243;URB-040;;9947.227564619496
5171336044;2441459526;CE-362;;11782.5879955
4436994928;1647744657;BR-402;;60103.6543732
4436994928;4465628705;BR-402;CE-085;;24214.880336
6403091316;5882064244;BR-222;;29961.3643172
1964579703;3780861088;CE-153;;20550.610211
3977917307;1516574351;CE-085;Estrada para Itarema;2631.63569029
3977917307;5980461285;CE-434;;33947.0673527
3977917307;4962893727;CE-085;Via Estruturante;55765.84236835007
4437158790;2441364419;CE-241;;13961.6141153
1709300615;4504393336;BR-222;;60307.3079157
1709300615;1521255641;CE-187;;1387.20048018
1709300615;4440944253;BR-222;;17931.0471586
1709300615;4453481345;CE-187;;9451.11341502
2441454475;4457262447;BR-222;;3066.32880955
2441454475;4267061247;BR-222;;7062.06555697
4458556308;351970434;BR-230;CE-371;Avenida Nelito Mendes;1535.39172351
4458556308;3235095419;CE-176;;36527.0666054
1942619031;1942619072;CE-265;Rua Major Ventura;1874.7432273858506
3008577348;3008532312;CE-251;Avenida Coronel Cícero de Sá;10510.5673627
3818599322;2961395551;CE-253;Aeródromo Onofre Medeiros Nepomuceno;2288.7566161804443
5648208797;3008532312;CE-251;Avenida Coronel Cícero de Sá;2585.15933949
5648208797;3008534107;CE-251;Avenida Coronel Cícero de Sá;414.392630269
2327681952;4933485583;BR-402;Avenida Anastácio Braga;3024.12491202
4124207789;2518695050;BR-402;;9528.359116467524
2449214370;4393563184;CE-257;;36897.4068798
2449214370;263910729;CE-257;;23109.6824013
2449214370;2449577202;CE-065;;631.432188369
3102634916;3732301440;BR-020;Rodovia Presidente Juscelino Kubitschek;1342.90533166
3102634916;3140688517;BR-020;Rodovia Presidente Juscelino Kubitschek;35563.557184
2966533037;4423984209;CE-377;;24924.0591795
2966533037;2622946388;CE-356;;27639.9038569
2966533037;628643685;CE-377;;15945.5129529
3428899762;4870444804;CE-377;Avenida do Contorno;9225.375390828836
3428899762;4870507622;BR-116;Rodovia Santos Dumont;6412.413213882778
3428899762;4423984209;CE-123;;8561.760753629787
3428899762;3428899764;CE-265;;3149.17689366822
3428899762;4870515958;BR-116;Rodovia Santos Dumont;7538.567273517854
3428899762;4870444859;CE-377;Avenida do Contorno;6019.354554638684
3428899762;4870444830;BR-116;Rodovia Santos Dumont;6783.77478352667
4115517939;5194492915;CE-040;Rota do Sol Nascente;4917.88731003
3428899764;4870507622;CE-265;;9262.110886936955
3428899764;3280325767;CE-265;;8077.08555904
3428899764;4870444859;CE-265;;8596.64738903777
3428899764;4870444830;CE-265;;8742.441772724058
1745771446;352704057;CE-292;;15635.2765497
1745771446;5288795542;CE-292;Avenida Francisco Ademar de Andrade;33839.3800874
4753562551;1801899558;CE-166;;23493.2984377
3914718139;3699170835;BR-122;;5435.73589736
3688240061;351938464;CE-162;Rua Flávio Grangeiro;1756.42085848
1942619072;3732301440;CE-467;;59084.76594426442
265206721;595251032;CE-117;Avenida Visconde do Cauípe;4200.84815622
2441364419;3064114146;CE-440;Avenida Cleto Ferreira da Ponte;16658.37798987044
4457376714;3798470448;CE-366;Rua Senador Catunda;24438.162026
4457376714;4457376780;CE-366;Rua São José;8692.53869413
5058779929;4214455581;CE-323;;10962.2883142
5058779929;2443949599;CE-192;Rua Antônio Pinto de Melo;992.656611705
5536091085;3005948962;BR-226;CE-368;;6047.64882457
5536091085;2338104299;CE-275;Avenida 12 de Agosto;5293.57452858
5536091085;3957554181;CE-275;;31229.3576006
3168611280;3841651893;CE-423;;16134.99894035936
3225150417;5194492915;CE-040;Rota do Sol Nascente;9552.76524335
3225150417;3687394508;CE-138;;3493.0274383610713
3225150417;850730861;CE-040;Rota do Sol Nascente;9932.92258573
2031592405;4131809130;CE-176;Rua Germano Farias Sales;51213.35012838269
1542276057;1542536531;CE-364;;10390.5014132
4610333663;2194837267;CE-176;Rua Vereador Antônio Elizeu de Barros;642.097366733
4610333663;4243060621;CE-176;Avenida Antônio Lisboa de Queiroz;1465.07524226
3225439201;1656132612;CE-350;;30948.2143399
3064114146;1562654285;CE-240;;16348.129256037046
1696553957;5394325840;CE-375;Rua José Cândido;36646.7760231
1696553957;6405406001;CE-166;;425.623641024
1696553957;1560731330;CE-284;;3004.16984786
3643499495;2515586752;CE-464;Avenida Coronel João Felipe;1144.31531632
3643499495;4614538251;CE-464;;4295.50267354
2338104299;2338020994;BR-116;Rodovia Santos Dumont;9214.938914311819
2338104299;2504510659;BR-116;Rodovia Santos Dumont;380.3345196569163
4431967212;4440643484;CE-232;;19593.3469706
4431967212;351937774;CE-364;;11442.4759962
1194329072;4881001857;BR-020;Rodovia Quarto Anel Rodoviário;3940.34004613
1194329072;1194314747;BR-020;Rotatória da CEASA;4900.44781369
5194492915;5286606199;CE-040;Rota do Sol Nascente;79825.7395092
4755774452;352734441;BR-404;;67127.986806
4755774452;5347811275;CE-192;;41502.9472417
1194314747;723203965;CE-060;Rodovia Doutor Mendel Steinbruch;3793.0534537
1194314747;712721798;CE-060;Rodovia Doutor Mendel Steinbruch;3747.61126566
1710029821;2206467293;CE-265;;3940.614043244911
3957554181;2249121034;CE-153;;5395.01363702
3957554181;2249121383;CE-153;;34217.89682855095
351933447;1647744657;BR-402;;4407.78535791
351933447;4989902402;BR-402;;42203.3363532
351933447;351933668;CE-216;;13293.1849916
4457376780;2441706772;BR-403;;27034.694191
4457376780;4763320254;BR-403;CE-366;;4981.22905506
4933485583;4243060621;BR-402;;26921.5152257
4135920658;3789662153;CE-168;;57682.1239656
3835690158;263341634;CE-354;;3366.00144288
3835690158;3914647475;CE-354;;9580.03338362
3835690158;263341628;CE-354;;5598.8796092
263986693;263341753;BR-222;;9506.25722616
3005948962;5492350858;CE-368;;34384.4011509
1709171752;4986952820;CE-354;;16596.8523806
1709171752;5171484021;CE-216;CE-319;;17675.347697611036
2329830443;2329830587;BR-020;Rodovia Presidente Juscelino Kubitschek;50618.9292428
2329830443;3964280365;BR-020;Rodovia Presidente Juscelino Kubitschek;30427.6409534
2329830443;3791040463;CE-277;;59380.6631528
4762139692;5095703697;CE-168;;37903.3426821548
4393563184;3140688517;BR-020;Rodovia Presidente Juscelino Kubitschek;66733.6778429
4154119223;4235542105;CE-179;;2302.26026529
1701616702;2504510659;BR-116;Rodovia Santos Dumont;84750.3399916
1701616702;1701617350;BR-116;Rodovia Santos Dumont;21473.5560503
2399769665;2400000581;CE-253;CE-162;;1186.9280418679946
2399769665;2399769726;CE-341;;348.191820134
1704410178;1704410595;CE-196;;16016.6605454
1704410178;3789532325;BR-116;Rodovia Santos Dumont;21782.6974522
351933508;1647744657;BR-402;;11632.72506862432
1643093063;4130944943;CE-176;;35807.2287202
1643093063;4518833493;CE-366;;25258.3141397
352719947;628643265;BR-437;CE-266;Rodovia de Transição;4037.2628352324955
352719947;2476093030;BR-437;CE-266;Rodovia de Transição;1257.6683484033776
352719947;2096324319;BR-437;CE-266;Rodovia de Transição;6496.11706951
1805362253;5882064244;CE-176;;32148.7238603
4423984209;628643411;CE-123;;4427.405358466988
2339375971;3793317733;BR-404;CE-187;;3029.23825144
2339375971;3964280365;BR-020;Rodovia Presidente Juscelino Kubitschek;17598.7286634
2622946388;2504504770;CE-123;;3378.8147768026147
2622946388;5054733863;CE-356;Avenida Coronel Antônio Cordeiro;12497.832644351533
2966444558;2880408725;CE-179;Avenida Pimentel Gomes;1921.73558005
4870507622;628643328;CE-377;Avenida dos Expedicionários;2037.82634933
4870507622;4870444804;CE-377;Avenida do Contorno;5416.136776923855
4870507622;2102130217;BR-116;Rodovia Santos Dumont;8027.913525071575
4870507622;628643411;CE-377;;10428.8693715
4870507622;4870515958;BR-116;Rodovia Santos Dumont;1240.1026704806277
4870507622;4870444859;CE-377;Avenida do Contorno;2434.730509923854
4870507622;4870444830;BR-116;Rodovia Santos Dumont;3966.436382613237
1805362273;1805362164;CE-463;;9219.47575921
2330940516;2222856147;BR-226;;23968.1109757
2330940516;2330940535;BR-226;;8167.79877343
6227885158;3798470448;CE-187;Rodovia da Confiança;19158.2128894
6227885158;4134860219;CE-187;Anel Viário de São Benedito;7031.02345938
6227885158;4457240455;CE-187;Avenida Salmito Ferreira de Almeida;3639.70608591
4459740267;2348054124;CE-060;Avenida Wilson Roriz;1774.80960583
4459740267;4459740326;CE-060;Avenida Wilson Roriz;3465.09450803
2427755634;4881001857;BR-020;Rodovia Quarto Anel Rodoviário;1683.81594584
4986952820;1709168907;CE-354;;3776.766089545412
4986952820;1709169956;CE-354;;16378.8710295
3901396085;3787923194;CE-065;;2584.37631353
5105175670;3168564535;CE-421;;6551.13433679
2399769726;2400000581;CE-341;;1436.7842115391586
3837803647;2449577202;CE-065;;17841.3679809
351970434;1801900016;CE-371;;26776.6888865
351970434;4408673610;CE-176;;19843.8876316
1803441284;5910238989;CE-060;Rodovia do Algodão;3516.1096757
4340411528;1801899558;CE-375;;1175.75714925
1402789003;5095703697;CE-257;;30950.2950035
5095703697;5787217129;CE-257;;30378.3660117
2880408725;4472035011;CE-179;;11549.4585886
2102234264;4870515958;CE-358;;6303.2207175
1438786714;4120405306;BR-122;Rua Sargento George Teles Sampaio;3825.7836552241884
1438786714;3789587805;CE-292;;40015.133984203574
5296802976;351973241;BR-122;;31099.9473597
5296802976;2518683490;BR-122;;15073.068963259015
5296802976;1705940814;BR-122;;2007.87853639
3789532325;2875101152;BR-116;Rodovia Santos Dumont;39322.1645601
4459740326;2348054124;CE-060;Avenida Wilson Roriz;5233.14780331
2441706667;2441706670;CE-525;;2961.83733702
1449151665;1497861985;CE-362;Rua Tabelião Mário Aguiar Coelho;3719.31726194
2249120946;2338104898;CE-375;BR-122;;22566.3821176
2249120946;2222856115;CE-153;;5054.1758405143155
2249120946;2249121034;CE-153;;22279.2272475
4746331316;1704410595;CE-196;Avenida Buriti Grande;13323.0610735
3841651893;3841709477;CE-156;;8488.30233342
4942480575;3732301440;BR-020;Rodovia Presidente Juscelino Kubitschek;47253.9068469
2504510659;2338020994;BR-116;Rodovia Santos Dumont;9534.687278441264
2504510659;5291648382;BR-116;Rodovia Santos Dumont;28357.1497276
4235541708;4235542105;CE-253;;17097.9114506
4124931281;3789587805;CE-388;;12950.5148244
4969143507;2518683490;CE-060;;10970.092067
4969143507;4969516747;CE-060;;17916.66388397873
1193608406;1193606695;CE-065;;3133.91417648
4183878872;1529560613;CE-346;;7277.45546971
4183878872;1516574006;CE-346;;14565.615807214246
1645636828;4755797930;CE-189;;16789.6464881
1193606695;1693152571;CE-065;;8676.54938629
1193606695;1193606757;CE-065;;1923.15559099
351937774;1542536531;CE-364;;30492.7372491
4870515958;4870444804;BR-116;Rodovia Santos Dumont;5503.517976479869
4870515958;2102130217;BR-116;Rodovia Santos Dumont;7129.709299335791
4870515958;4870444859;CE-377;Avenida do Contorno;3420.5078329623107
4870515958;4870444830;BR-116;Rodovia Santos Dumont;4626.5609657053565
4154119421;4235543941;CE-179;;43219.1429243
3780859138;3780861088;CE-293;;2347.92351892
4459867399;3780861088;CE-293;;3677.99610714
308311304;3964280365;CE-187;;62744.0079506
308311304;5288795542;CE-187;;60957.6509456
2249121034;2338104898;CE-275;;20752.3786911
3799784718;3799818225;CE-232;;70628.9351142
3799784718;4453481339;CE-187;;18615.2503511
3799784718;4440643484;CE-232;;37698.4763996
2516440280;6120429212;CE-284;Rua Coronel Antônio Malheiros;15098.5857839
2441706772;351971094;BR-403;Avenida Coronel José Lourenço;1532.80047128
2987144469;3789419878;CE-384;;23468.606122952882
1650365720;2970041708;CE-350;Rua Francisco Cordeiro de Oliveira;11494.1295838
3168564507;2484469744;CE-348;;11511.89279826525
2069267740;2281462072;CE-401;Avenida Alberto Craveiro;5036.41876656
2519055651;1516574074;CE-177;Avenida Manoel Sales;14028.5806669
2206467293;2102130217;CE-265;;23817.778807719526
1516574006;1529560613;CE-163;;2757.304252713764
1693152571;3914647475;CE-455;;19715.5925621
2943454531;2725566425;CE-534;;4124.3836822
263910725;263910729;CE-060;Rodovia do Algodão;529.194273174
4408673610;4408673664;CE-176;;21114.0190723
4408673610;2335893497;CE-375;;9986.59525103
4409748811;4131809130;CE-176;Rua Germano Farias Sales;12649.5016576
4409748811;5168356965;CE-265;;21884.9789775
4409748811;4130944943;CE-176;Avenida Sete de Setembro;15448.2631939
1701737810;1647744657;BR-402;Avenida Dide Rios;8204.57608962
5266642260;4702871032;BR-020;Rodovia Presidente Juscelino Kubitschek;23026.099989104274
5266642260;2400000581;CE-253;CE-162;;23726.6416393
4518833493;1643092535;CE-366;;12323.6221169
4518833493;4518833429;CE-463;;6360.04574282
6275335519;2443949599;CE-323;;27811.4290595
3789419878;2516184658;CE-384;Avenida Doutor Teodoro Fernandes Teles Cartaxo;396.70438315
4753192302;1739134411;CE-263;Avenida Simão de Gois;1135.78659097
4457262447;5879402404;BR-222;;27166.436909
4457262447;4452670461;CE-321;;13893.7010469
351937906;1647744657;CE-179;Rua Humaitá;9409.86628656
351937906;3879173423;CE-179;Rua José Ludgério;16878.6233978
5882064244;4133756855;BR-222;;30140.7414686
5882064244;3996075711;CE-176;;87787.5428513
5171484021;1709168907;CE-354;;11776.576389867281
4526896503;4913262501;CE-377;;9822.24711993
3005932436;353023706;BR-226;CE-060;;13959.7436347
1516574074;1516574351;CE-177;Avenida Manoel Sales;3650.56561767
5291648382;2096324319;BR-116;Rodovia Santos Dumont;66178.3815844
5244358015;351971094;BR-403;CE-187;Avenida José Carvalho de Aragão;1162.11652303
4881001857;263341753;BR-020;Rodovia Quarto Anel Rodoviário;5099.80094612
352697739;1631835847;CE-375;BR-122;;3030.2467372288393
352697739;351971082;BR-122;;8681.036274490321
352697739;1803442060;CE-481;;18098.3269039
352697739;5910238989;CE-060;Rodovia do Algodão;28328.9084861
4989902402;1709168907;BR-402;;14216.580974426492
5288795542;5600550370;BR-230;;25058.6079481
1544781214;5916346180;CE-060;;25631.2110465
2338039203;2338021232;CE-138;;18331.387533
1091646893;2725566425;CE-534;;10225.307264
628643265;4870444804;CE-358;;9972.60741106
628643265;4913262501;CE-377;;7865.2902198794145
628643265;2476093030;BR-437;CE-266;Rodovia de Transição;2960.4537723150497
1739134411;5054733863;CE-263;;30458.4430652
1430367695;4969516747;CE-288;;19741.5211651
1696388562;1705940772;BR-230;;32293.1674945
4452670936;4452670461;CE-253;;24659.4186705
4452670936;4763320254;BR-403;;28218.2414574
1193606617;1193606757;CE-065;;1829.389405
1705908474;2463467322;CE-060;;26124.6331854
1704410595;2516184658;CE-196;Avenida Senhor Martins;1979.07761756
4947836392;4947853161;CE-253;Rua Zezinho Honório;463.64679362
263341634;263341628;BR-020;Rodovia Presidente Juscelino Kubitschek;4036.51145538
263341634;263341753;BR-020;Rodovia Presidente Juscelino Kubitschek;43445.2584573
263986679;263341753;BR-222;;9634.89683076
4702871032;2961395551;BR-020;Rodovia Presidente Juscelino Kubitschek;23645.2805319
628643328;2102130217;BR-116;Rodovia Santos Dumont;6710.461657195829
628643328;4870444804;CE-377;Avenida do Contorno;3425.9461284387357
628643328;4870444830;BR-116;Rodovia Santos Dumont;2761.105146572761
1520166405;1520166560;CE-509;;3469.93524028
2554119508;723203924;CE-251;Avenida Contorno Norte;1555.01097179
2554119508;723203965;CE-251;Avenida Parque Sul;1625.36494245
2554119508;723203950;CE-251;Avenida Parque Sul;1611.37730338
3699170835;3130195956;BR-122;Estrada do Algodão;29663.7612625
1645637140;4402638846;CE-266;;26967.1859266
1645637140;1645637287;CE-469;;6488.04247779
4235542105;4444948422;CE-179;;22603.2164667
2752874008;2752354134;CE-065;;6690.89462984
4217079324;2194837267;BR-402;;27108.0770854
4459738662;2348054124;CE-060;;26031.4941279
4459738662;4325695180;CE-060;;6887.06266456
5054733863;352702361;CE-222;Avenida Possidônio Barreto;19018.789222433905
2338020904;4129578673;CE-138;Rua Leodegário Holanda Guerra;37065.198094
2102130217;4870444804;BR-116;Rodovia Santos Dumont;8577.717759367071
2102130217;4870444859;BR-116;Rodovia Santos Dumont;8998.925100744542
2102130217;4870444830;BR-116;Rodovia Santos Dumont;8517.902203918433
2102130217;2096324319;BR-116;Rodovia Santos Dumont;24161.0825521
1194329648;3787923194;CE-065;;2625.97057128
2079338042;5916346149;CE-060;Rodovia do Algodão;4917.00846164
4753743081;353023706;BR-226;;17285.189283
263341628;2961395551;BR-020;Rodovia Presidente Juscelino Kubitschek;8146.53042607
4009758987;4009748148;CE-205;Rua Joaquin Rogério Cabó;146.33087124
1193606726;1193606757;CE-350;Rua Professor Henrique Chaves;1205.1938469
4453481339;4453481345;CE-187;CE-240;;1447.9820527
1562654285;4472035011;CE-240;;7102.10238973
1523228601;2484469744;CE-156;;2189.6451954021013
1523228601;2484469633;CE-156;;2577.4542913798236
3008534107;3008532312;CE-251;Avenida Coronel Cícero de Sá;3016.59053716
4453482077;4453481345;CE-240;;10900.7292143
1562660450;4444948422;BR-403;CE-178;;5502.27452817
5168356964;3443652360;CE-265;Avenida Joaquim Lopes Pedrosa;6767.94849039
2476093030;4913262501;BR-437;CE-266;Rodovia de Transição;7923.097699293291
5486878320;2518683490;CE-213;;11138.5770538
5486878320;1701394289;CE-213;;18391.62417945206
4440944253;5879402404;BR-222;;16382.8301679
3732301440;3103510368;CE-266;Rua Manoel de Oliveira Fontes;2060.2618196161375
1942619777;2633344818;CE-580;Estrada Custódio - Quixadá;17831.6910153
2338020994;2338021232;BR-226;;27806.2104046
3797251719;3443652360;BR-403;CE-187;;31288.0770412
1516574351;1509216202;CE-085;Rua Capitão Diogo Lopes;27646.1700487
1645637287;1645637349;BR-404;CE-187;Avenida Sargento Hermínio;2946.82369382
4129578673;4009748148;CE-138;;798.1353465126114
263341753;264898958;BR-020;BR-222;Rodovia Presidente Juscelino Kubitschek;11869.3623389
1560731330;351973241;CE-284;;19489.4060761
4472035011;2795366097;CE-240;;8697.01066757
4472035011;1542805331;CE-240;;8606.19218381
1701617350;2875101152;BR-116;BR-230;Rodovia Santos Dumont;13187.3293546
1631835847;3161954234;CE-375;BR-122;Avenida Perimetral;16678.1090189
2795366097;1542805331;CE-362;;35216.6807543
1841524438;1091648135;CE-261;;17783.6160285
621999832;1781280604;CE-040;Avenida Washington Soares;1672.49995133
2096324319;4913262501;BR-116;Rodovia Santos Dumont;7727.203351575657
2441459431;2441459526;CE-578;;4041.37428801
1801899558;1801900016;CE-284;;39986.5509142
4452755182;1519949796;CE-253;;44638.4669223
3129759536;2194837466;CE-243;Rua Fausto Pinheiro (CE-243);38334.25434972157
1497861759;1497861985;CE-577;Avenida Doutor Francisco Neves;3919.79750913
4870444804;4870444859;CE-377;Avenida do Contorno;5097.722291877004
4870444804;4870444830;CE-377;Avenida do Contorno;3955.59293847
3443652360;4755797980;CE-265;Avenida Joaquim Lopes Pedrosa;31724.4241667
351971082;351973241;BR-122;;24447.865039
2194837267;4243060621;BR-402;;1452.03530827
2079946371;2515581242;CE-065;;15786.888397
351971094;2441476427;CE-187;Rodovia da Confiança;25807.1384058
4870444830;4870444859;CE-377;Avenida do Contorno;3133.0241843294248
5916346145;5916346180;CE-060;Estrada Algodão;1770.66685613
5916346145;5916346173;CE-253;Acarape - Horizonte;47.2768013249
3798470448;2441476427;CE-187;Rua Padre Bernardino Memória;1604.2196516
4763393848;4134860219;CE-187;Avenida Deputado Fernando Melo;13003.3627785
4763393848;1519949796;CE-187;Rua Deputado Álvaro Soares;1673.82953465
2463467322;1534161663;CE-060;;14357.1999089
4236355388;4134860219;CE-321;;33570.3614428
5916346173;5916346180;CE-060;Estrada Algodão;1758.1895216
5323013950;2395310069;CE-497;;15091.0985603
5323013950;850730861;CE-040;Rodovia Deputado Federal Jackson Pereira;16122.5595762
4134860219;4457240455;CE-187;Avenida Deputado Francisco Júlio Filizola;2807.07139381
723203950;723203965;CE-060;CE-251;;93.3535345032
2484469633;2484469744;CE-348;;1365.01966532
4457240455;4214454271;CE-321;Ladeira da Lapa;16631.5857242
4440643484;3799818225;CE-232;;38110.3591085
3789662153;1801900016;CE-168;;8767.4808638
1509216202;1531249798;CE-178;Rua Santo Antônio;2854.93878326
4267026399;4267061247;CE-183;;26439.2601031
